Date,Market,Category,Type,Price,Amount,Total,Fee,Order Number,Base Total Less Fee,Quote Total Less Fee,Fee Currency,Fee Total
2018-01-02 15:17:51,FCT/BTC,Exchange,Sell,0.00486000,80.59805814,0.39170656,0.15%,114572247221,0.39111900,-80.59805814,BTC,0.00058755
2018-01-02 08:30:45,FCT/BTC,Exchange,Buy,0.00515600,50.29751257,0.25933397,0.15%,114528974537,-0.25933397,50.22206630,FCT,0.00038900
2018-01-02 08:28:29,FCT/BTC,Exchange,Buy,0.00515600,10.35930501,0.05341257,0.15%,114528974537,-0.05341257,10.34376605,FCT,0.00008011
2018-01-02 08:28:17,FCT/BTC,Exchange,Buy,0.00515523,4.46148862,0.02299999,0.25%,114528974537,-0.02299999,4.45033489,FCT,0.00005749
2018-01-02 08:28:17,FCT/BTC,Exchange,Buy,0.00515523,15.62094322,0.08052955,0.25%,114528974537,-0.08052955,15.58189086,FCT,0.00020132
2018-01-02 08:08:51,EMC2/BTC,Exchange,Sell,0.00007520,4502.09519384,0.33855755,0.15%,14463785764,0.33804971,-4502.09519384,BTC,0.00050783
2018-01-02 08:08:49,EMC2/BTC,Exchange,Sell,0.00007520,1038.09924832,0.07806506,0.15%,14463785764,0.07794796,-1038.09924832,BTC,0.00011709
2018-01-01 07:43:11,EMC2/BTC,Exchange,Buy,0.00006950,3017.15136884,0.20969202,0.15%,14370173470,-0.20969202,3012.62564178,EMC2,0.00031453
2018-01-01 07:43:10,EMC2/BTC,Exchange,Buy,0.00006950,459.22106367,0.03191586,0.15%,14370173470,-0.03191586,458.53223207,EMC2,0.00004787
2018-01-01 07:43:08,EMC2/BTC,Exchange,Buy,0.00006950,8.34810000,0.00058019,0.15%,14370173470,-0.00058019,8.33557785,EMC2,0.00000087
2018-01-01 07:43:06,EMC2/BTC,Exchange,Buy,0.00006950,500.00000000,0.03475000,0.25%,14370173470,-0.03475000,498.75000000,EMC2,0.00008687
2018-01-01 07:43:06,EMC2/BTC,Exchange,Buy,0.00006950,20.00000000,0.00139000,0.25%,14370173470,-0.00139000,19.95000000,EMC2,0.00000347
2018-01-01 07:43:06,EMC2/BTC,Exchange,Buy,0.00006950,682.97966683,0.04746708,0.25%,14370173470,-0.04746708,681.27221766,EMC2,0.00011866
2018-01-01 07:43:06,EMC2/BTC,Exchange,Buy,0.00006948,9.53605540,0.00066256,0.25%,14370173470,-0.00066256,9.51221526,EMC2,0.00000165
2018-01-01 07:43:06,EMC2/BTC,Exchange,Buy,0.00006920,144.50867053,0.01000000,0.25%,14370173470,-0.01000000,144.14739885,EMC2,0.00002500
2018-01-01 07:43:06,EMC2/BTC,Exchange,Buy,0.00006920,599.96086675,0.04151729,0.25%,14370173470,-0.04151729,598.46096458,EMC2,0.00010379
2018-01-01 07:43:06,EMC2/BTC,Exchange,Buy,0.00006890,9.13039503,0.00062908,0.25%,14370173470,-0.00062908,9.10756904,EMC2,0.00000157
2018-01-01 07:43:06,EMC2/BTC,Exchange,Buy,0.00006885,99.75000000,0.00686778,0.25%,14370173470,-0.00686778,99.50062500,EMC2,0.00001716
2017-12-31 16:56:37,ETH/BTC,Exchange,Sell,0.05255907,1.56957195,0.08249524,0.15%,396189848713,0.08237149,-1.56957195,BTC,0.00012374
2017-12-31 16:56:22,ETH/BTC,Exchange,Sell,0.05255907,5.78111477,0.30385001,0.15%,396189848713,0.30339423,-5.78111477,BTC,0.00045577
2017-12-30 14:10:56,XRP/BTC,Exchange,Sell,0.00016080,376.81036781,0.06059110,0.15%,106041097872,0.06050021,-376.81036781,BTC,0.00009088
2017-12-30 11:01:47,XRP/BTC,Exchange,Buy,0.00016078,215.21789988,0.03460273,0.15%,105991755264,-0.03460273,214.89507303,XRP,0.00005190
2017-12-30 11:01:45,XRP/BTC,Exchange,Buy,0.00016051,162.32109751,0.02605415,0.25%,105991755264,-0.02605415,161.91529476,XRP,0.00006513
2017-12-30 10:59:39,XRP/BTC,Exchange,Sell,0.00016301,209.95638994,0.03422499,0.25%,105990706314,0.03413942,-209.95638994,BTC,0.00008556
2017-12-30 10:59:39,XRP/BTC,Exchange,Sell,0.00016303,163.03511329,0.02657961,0.25%,105990706314,0.02651316,-163.03511329,BTC,0.00006644
2017-12-30 10:49:12,XRP/BTC,Exchange,Buy,0.00016292,233.92631902,0.03811127,0.25%,105983674353,-0.03811127,233.34150322,XRP,0.00009527
2017-12-30 10:49:12,XRP/BTC,Exchange,Buy,0.00016279,140.00000000,0.02279060,0.25%,105983674353,-0.02279060,139.65000000,XRP,0.00005697
2017-12-30 00:55:58,ETH/BTC,Exchange,Buy,0.05120000,2.09787141,0.10741101,0.15%,395422258072,-0.10741101,2.09472460,ETH,0.00016111
2017-12-30 00:55:50,ETH/BTC,Exchange,Buy,0.05120000,5.26385789,0.26950952,0.15%,395422258072,-0.26950952,5.25596210,ETH,0.00040426
2017-12-30 00:52:29,XRP/BTC,Exchange,Sell,0.00015200,2458.56026868,0.37370116,0.15%,105552732726,0.37314060,-2458.56026868,BTC,0.00056055
2017-12-30 00:49:49,XRP/BTC,Exchange,Buy,0.00015200,64.85978000,0.00985868,0.25%,105549349113,-0.00985868,64.69763055,XRP,0.00002464
2017-12-30 00:49:49,XRP/BTC,Exchange,Buy,0.00015200,2272.86142411,0.34547493,0.25%,105549349113,-0.34547493,2267.17927054,XRP,0.00086368
2017-12-30 00:49:49,XRP/BTC,Exchange,Buy,0.00015193,127.00086975,0.01929524,0.25%,105549349113,-0.01929524,126.68336757,XRP,0.00004823
2017-12-30 00:48:03,ETH/BTC,Exchange,Sell,0.05130000,7.39487645,0.37935716,0.25%,395419747585,0.37840876,-7.39487645,BTC,0.00094839
2017-12-30 00:24:05,ETH/BTC,Exchange,Buy,0.05115058,2.33919399,0.11965112,0.15%,395410617724,-0.11965112,2.33568519,ETH,0.00017947
2017-12-30 00:23:27,ETH/BTC,Exchange,Buy,0.05115058,5.06679104,0.25916930,0.15%,395410617724,-0.25916930,5.05919085,ETH,0.00038875
2017-12-30 00:20:13,ETH/BTC,Exchange,Buy,0.05110000,0.00000039,0.00000001,0.15%,395408808535,-0.00000001,0.00000038,ETH,0.00000000
2017-12-30 00:15:44,XRP/BTC,Exchange,Sell,0.00013500,2810.29282861,0.37938953,0.15%,105510990510,0.37882044,-2810.29282861,BTC,0.00056908
2017-12-29 11:17:58,XRP/BTC,Exchange,Buy,0.00011318,2724.29554692,0.30833577,0.15%,105108900003,-0.30833577,2720.20910359,XRP,0.00046250
2017-12-29 11:14:50,ETH/BTC,Exchange,Sell,0.05052012,3.80434521,0.19219597,0.25%,395151634966,0.19171548,-3.80434521,BTC,0.00048048
2017-12-29 11:14:50,ETH/BTC,Exchange,Sell,0.05052015,2.31417685,0.11691256,0.25%,395151634966,0.11662027,-2.31417685,BTC,0.00029228
2017-12-29 09:54:47,XRP/BTC,Exchange,Buy,0.00010480,329.60285015,0.03454237,0.15%,105044517450,-0.03454237,329.10844587,XRP,0.00005181
2017-12-29 09:54:34,XRP/BTC,Exchange,Buy,0.00010480,181.24714985,0.01899470,0.15%,105044517450,-0.01899470,180.97527912,XRP,0.00002849
2017-12-29 09:42:09,XRP/BTC,Exchange,Sell,0.00010090,530.81149429,0.05355887,0.15%,105035733243,0.05347853,-530.81149429,BTC,0.00008033
2017-12-29 09:04:41,XRP/BTC,Exchange,Buy,0.00010049,532.14184891,0.05347493,0.25%,105023553435,-0.05347493,530.81149428,XRP,0.00013368
2017-12-29 09:04:17,NXT/BTC,Exchange,Sell,0.00004433,1207.35457794,0.05352202,0.25%,47454610956,0.05338821,-1207.35457794,BTC,0.00013380
2017-12-28 23:18:34,NXT/BTC,Exchange,Buy,0.00005165,1210.38052926,0.06251615,0.25%,47352371298,-0.06251615,1207.35457793,NXT,0.00015629
2017-12-28 22:57:52,EMC2/BTC,Exchange,Sell,0.00005803,0.00000058,0.00000000,0.15%,14152836025,0.00000000,-0.00000058,BTC,0.00000000
2017-12-28 22:57:52,EMC2/BTC,Exchange,Sell,0.00005803,538.40859959,0.03124385,0.15%,14152836025,0.03119698,-538.40859959,BTC,0.00004686
2017-12-28 22:56:46,EMC2/BTC,Exchange,Sell,0.00005803,21.82254792,0.00126636,0.25%,14152836025,0.00126319,-21.82254792,BTC,0.00000316
2017-12-28 22:56:46,EMC2/BTC,Exchange,Sell,0.00005803,56.86713769,0.00330000,0.25%,14152836025,0.00329175,-56.86713769,BTC,0.00000825
2017-12-28 22:56:05,EMC2/BTC,Exchange,Sell,0.00005834,24.39403727,0.00142314,0.25%,14152823038,0.00141958,-24.39403727,BTC,0.00000355
2017-12-28 22:42:25,EMC2/BTC,Exchange,Buy,0.00005800,183.54081726,0.01064536,0.15%,14151944917,-0.01064536,183.26550603,EMC2,0.00001596
2017-12-28 22:41:58,EMC2/BTC,Exchange,Buy,0.00005800,183.54081519,0.01064536,0.15%,14151944917,-0.01064536,183.26550396,EMC2,0.00001596
2017-12-28 22:41:56,EMC2/BTC,Exchange,Buy,0.00005800,275.37437460,0.01597171,0.15%,14151944917,-0.01597171,274.96131303,EMC2,0.00002395
2017-12-28 22:01:55,XRP/BTC,Exchange,Sell,0.00009000,698.29513390,0.06284656,0.15%,104815350846,0.06275229,-698.29513390,BTC,0.00009426
2017-12-28 21:42:03,XRP/BTC,Exchange,Buy,0.00009060,564.32980419,0.05112828,0.15%,104809895307,-0.05112828,563.48330948,XRP,0.00007669
2017-12-28 21:41:57,XRP/BTC,Exchange,Buy,0.00009060,41.41972761,0.00375262,0.15%,104809895307,-0.00375262,41.35759801,XRP,0.00000562
2017-12-28 21:41:21,XRP/BTC,Exchange,Buy,0.00009060,93.59461831,0.00847967,0.15%,104809895307,-0.00847967,93.45422638,XRP,0.00001271
2017-12-28 21:39:50,SC/BTC,Exchange,Sell,0.00000200,31759.68890001,0.06351937,0.25%,17534675922,0.06336057,-31759.68890001,BTC,0.00015879
2017-12-28 21:18:15,SC/BTC,Exchange,Buy,0.00000205,16422.43004252,0.03366598,0.15%,17533441158,-0.03366598,16397.79639745,SC,0.00005049
2017-12-28 21:18:09,SC/BTC,Exchange,Buy,0.00000205,15384.96995748,0.03153918,0.15%,17533441158,-0.03153918,15361.89250254,SC,0.00004730
2017-12-28 21:13:47,XRP/BTC,Exchange,Sell,0.00009100,717.61663241,0.06530311,0.15%,104800408803,0.06520515,-717.61663241,BTC,0.00009795
2017-12-28 16:28:46,XRP/BTC,Exchange,Buy,0.00008938,718.69467442,0.06423692,0.15%,104699982330,-0.06423692,717.61663240,XRP,0.00009635
2017-12-28 16:27:56,EMC2/BTC,Exchange,Sell,0.00005700,93.52269624,0.00533079,0.25%,14135517361,0.00531746,-93.52269624,BTC,0.00001332
2017-12-28 16:27:56,EMC2/BTC,Exchange,Sell,0.00005709,2.55076076,0.00014562,0.25%,14135517361,0.00014525,-2.55076076,BTC,0.00000036
2017-12-28 16:27:56,EMC2/BTC,Exchange,Sell,0.00005709,109.28601490,0.00623913,0.25%,14135517361,0.00622353,-109.28601490,BTC,0.00001559
2017-12-28 16:27:56,EMC2/BTC,Exchange,Sell,0.00005709,109.28601490,0.00623913,0.25%,14135517361,0.00622353,-109.28601490,BTC,0.00001559
2017-12-28 16:27:56,EMC2/BTC,Exchange,Sell,0.00005710,534.84545641,0.03053967,0.25%,14135517361,0.03046332,-534.84545641,BTC,0.00007634
2017-12-28 16:25:53,EMC2/BTC,Exchange,Sell,0.00005720,2.86475264,0.00016386,0.25%,14135465413,0.00016345,-2.86475264,BTC,0.00000040
2017-12-28 16:25:53,EMC2/BTC,Exchange,Sell,0.00005720,101.00000000,0.00577720,0.25%,14135465413,0.00576275,-101.00000000,BTC,0.00001444
2017-12-28 16:25:53,EMC2/BTC,Exchange,Sell,0.00005720,100.00000000,0.00572000,0.25%,14135465413,0.00570570,-100.00000000,BTC,0.00001430
2017-12-28 16:24:59,EMC2/BTC,Exchange,Sell,0.00005722,2.20976420,0.00012644,0.25%,14135445433,0.00012612,-2.20976420,BTC,0.00000031
2017-12-28 16:24:59,EMC2/BTC,Exchange,Sell,0.00005722,44.36360455,0.00253848,0.25%,14135445433,0.00253213,-44.36360455,BTC,0.00000634
2017-12-28 16:24:59,EMC2/BTC,Exchange,Sell,0.00005723,27.56491351,0.00157754,0.25%,14135445433,0.00157359,-27.56491351,BTC,0.00000394
2017-12-28 11:50:33,ETH/BTC,Exchange,Buy,0.04917000,0.01013647,0.00049841,0.15%,394701627424,-0.00049841,0.01012126,ETH,0.00000074
2017-12-28 07:02:58,ETH/BTC,Exchange,Buy,0.04927183,6.12371006,0.30172640,0.25%,394606887259,-0.30172640,6.10840078,ETH,0.00075431
2017-12-27 22:46:51,XRP/BTC,Exchange,Sell,0.00007800,3884.38787822,0.30298225,0.25%,104376815820,0.30222479,-3884.38787822,BTC,0.00075745
2017-12-27 10:24:31,XRP/BTC,Exchange,Buy,0.00007065,845.10575524,0.05970672,0.15%,104125802085,-0.05970672,843.83809660,XRP,0.00008956
2017-12-27 10:23:21,XRP/BTC,Exchange,Buy,0.00007065,59.64000000,0.00421356,0.15%,104125802085,-0.00421356,59.55054000,XRP,0.00000632
2017-12-27 10:23:16,XRP/BTC,Exchange,Buy,0.00007065,800.00000000,0.05652000,0.15%,104125802085,-0.05652000,798.80000000,XRP,0.00008478
2017-12-27 10:23:08,XRP/BTC,Exchange,Buy,0.00007065,100.00000000,0.00706500,0.15%,104125802085,-0.00706500,99.85000000,XRP,0.00001059
2017-12-27 10:22:55,XRP/BTC,Exchange,Buy,0.00007065,800.00000000,0.05652000,0.15%,104125802085,-0.05652000,798.80000000,XRP,0.00008478
2017-12-27 10:22:51,XRP/BTC,Exchange,Buy,0.00007065,0.00339702,0.00000023,0.15%,104125802085,-0.00000023,0.00339192,XRP,0.00000000
2017-12-27 10:22:43,XRP/BTC,Exchange,Buy,0.00007065,463.32795632,0.03273412,0.15%,104125802085,-0.03273412,462.63296438,XRP,0.00004910
2017-12-27 10:22:35,XRP/BTC,Exchange,Buy,0.00007065,100.00000000,0.00706500,0.15%,104125802085,-0.00706500,99.85000000,XRP,0.00001059
2017-12-27 10:22:32,XRP/BTC,Exchange,Buy,0.00007065,722.14610444,0.05101962,0.15%,104125802085,-0.05101962,721.06288528,XRP,0.00007652
2017-12-25 18:00:25,ETH/BTC,Exchange,Sell,0.05201103,5.32399433,0.27690642,0.25%,393356952445,0.27621415,-5.32399433,BTC,0.00069226
2017-12-23 11:51:34,EMC2/BTC,Exchange,Buy,0.00007283,489.56774105,0.03565521,0.15%,13735687591,-0.03565521,488.83338943,EMC2,0.00005348
2017-12-23 11:51:34,EMC2/BTC,Exchange,Buy,0.00007282,1.37995098,0.00010048,0.25%,13735687591,-0.00010048,1.37650110,EMC2,0.00000025
2017-12-23 11:51:34,EMC2/BTC,Exchange,Buy,0.00007281,1.38033214,0.00010050,0.25%,13735687591,-0.00010050,1.37688130,EMC2,0.00000025
2017-12-23 11:50:42,STR/BTC,Exchange,Sell,0.00001600,2244.38126085,0.03591010,0.15%,50921940176,0.03585623,-2244.38126085,BTC,0.00005386
2017-12-20 15:05:01,STR/BTC,Exchange,Buy,0.00001384,2247.72687861,0.03110853,0.15%,50370023645,-0.03110853,2244.35528829,STR,0.00004666
2017-12-20 15:04:56,STR/BTC,Exchange,Buy,0.00001384,0.00216763,0.00000002,0.15%,50370023645,-0.00000002,0.00216437,STR,0.00000000
2017-12-20 15:04:55,STR/BTC,Exchange,Buy,0.00001384,0.02384393,0.00000032,0.15%,50370023645,-0.00000032,0.02380816,STR,0.00000000
2017-12-20 14:03:49,DOGE/BTC,Exchange,Sell,0.00000032,97458.95861667,0.03118686,0.25%,16394536080,0.03110889,-97458.95861667,BTC,0.00007796
2017-12-20 01:00:39,DOGE/BTC,Exchange,Buy,0.00000030,97605.36666667,0.02928161,0.15%,16366691952,-0.02928161,97458.95861667,DOGE,0.00004392
2017-12-19 20:19:03,ZEC/BTC,Exchange,Sell,0.03380881,0.86826477,0.02935499,0.25%,90093783211,0.02928160,-0.86826477,BTC,0.00007338
2017-12-19 20:14:20,EMC2/BTC,Exchange,Buy,0.00010000,636.86250000,0.06368625,0.15%,13232602180,-0.06368625,635.90720625,EMC2,0.00009552
2017-12-19 14:03:55,ZEC/BTC,Exchange,Buy,0.03152298,0.00000044,0.00000001,0.15%,90020517550,-0.00000001,0.00000043,ZEC,0.00000000
2017-12-19 14:03:52,ZEC/BTC,Exchange,Buy,0.03152298,0.81196868,0.02559567,0.15%,90020517550,-0.02559567,0.81075072,ZEC,0.00003839
2017-12-19 14:02:16,ZEC/BTC,Exchange,Buy,0.03152298,0.05760000,0.00181572,0.15%,90020517550,-0.00181572,0.05751360,ZEC,0.00000272
2017-12-19 13:42:47,BTS/BTC,Exchange,Sell,0.00002431,1130.40388673,0.02748011,0.25%,46899026042,0.02741140,-1130.40388673,BTC,0.00006870
2017-12-19 10:59:13,ETH/BTC,Exchange,Sell,0.04480000,1.42370349,0.06378191,0.15%,390042829885,0.06368623,-1.42370349,BTC,0.00009567
2017-12-19 10:13:52,ETH/BTC,Exchange,Buy,0.04450000,1.42584225,0.06344998,0.15%,389966927863,-0.06344998,1.42370348,ETH,0.00009517
2017-12-19 06:49:22,ETH/BTC,Exchange,Sell,0.04470000,1.42083322,0.06351124,0.15%,389717614426,0.06341597,-1.42083322,BTC,0.00009526
2017-12-18 14:20:59,BTS/BTC,Exchange,Buy,0.00002301,1133.23697917,0.02607578,0.25%,46782180005,-0.02607578,1130.40388672,BTS,0.00006518
2017-12-18 14:18:22,XRP/BTC,Exchange,Sell,0.00003821,446.03550676,0.01704301,0.15%,100660659696,0.01701744,-446.03550676,BTC,0.00002556
2017-12-18 14:18:12,XRP/BTC,Exchange,Sell,0.00003821,145.00785134,0.00554074,0.25%,100660659696,0.00552688,-145.00785134,BTC,0.00001385
2017-12-18 14:18:12,XRP/BTC,Exchange,Sell,0.00003833,93.25256415,0.00357437,0.25%,100660659696,0.00356543,-93.25256415,BTC,0.00000893
2017-12-18 08:22:01,XRP/BTC,Exchange,Buy,0.00003961,685.32390811,0.02714568,0.15%,100587873555,-0.02714568,684.29592224,XRP,0.00004071
2017-12-18 08:21:17,NXT/BTC,Exchange,Sell,0.00005299,513.56325142,0.02721371,0.25%,44783809431,0.02714567,-513.56325142,BTC,0.00006803
2017-12-18 08:19:30,NXT/BTC,Exchange,Buy,0.00005300,514.85037736,0.02728707,0.25%,44783541699,-0.02728707,513.56325141,NXT,0.00006821
2017-12-17 23:44:21,NXT/BTC,Exchange,Sell,0.00004330,365.37649020,0.01582080,0.15%,44645585793,0.01579706,-365.37649020,BTC,0.00002373
2017-12-17 23:44:18,NXT/BTC,Exchange,Sell,0.00004330,83.93011993,0.00363417,0.15%,44645585793,0.00362871,-83.93011993,BTC,0.00000545
2017-12-17 23:44:18,NXT/BTC,Exchange,Sell,0.00004330,181.82640869,0.00787308,0.15%,44645585793,0.00786127,-181.82640869,BTC,0.00001180
2017-12-17 16:23:58,NXT/BTC,Exchange,Buy,0.00004120,632.71480583,0.02606785,0.25%,44643409971,-0.02606785,631.13301881,NXT,0.00006516
2017-12-17 16:23:32,ETH/BTC,Exchange,Sell,0.03685920,0.70900000,0.02613317,0.25%,389110627021,0.02606783,-0.70900000,BTC,0.00006533
2017-12-16 01:27:58,ETH/BTC,Exchange,Buy,0.03981989,2.13303276,0.08493712,0.15%,388249973536,-0.08493712,2.12983321,ETH,0.00012740
2017-12-16 01:21:31,BTS/BTC,Exchange,Sell,0.00002105,3850.87345783,0.08106088,0.25%,46412006549,0.08085822,-3850.87345783,BTC,0.00020265
2017-12-16 01:21:31,BTS/BTC,Exchange,Sell,0.00002111,193.70537755,0.00408912,0.25%,46412006549,0.00407889,-193.70537755,BTC,0.00001022
2017-12-16 01:18:37,BTS/BTC,Exchange,Buy,0.00002138,343.42612862,0.00734245,0.15%,46411134422,-0.00734245,342.91098942,BTS,0.00001101
2017-12-16 01:17:58,BTS/BTC,Exchange,Buy,0.00002138,339.91440766,0.00726737,0.15%,46411134422,-0.00726737,339.40453604,BTS,0.00001090
2017-12-16 01:17:44,BTS/BTC,Exchange,Buy,0.00002138,0.00093545,0.00000001,0.15%,46411134422,-0.00000001,0.00093404,BTS,0.00000000
2017-12-16 01:17:44,BTS/BTC,Exchange,Buy,0.00002138,1387.38198718,0.02966222,0.15%,46411134422,-0.02966222,1385.30091419,BTS,0.00004449
2017-12-16 01:17:28,BTS/BTC,Exchange,Buy,0.00002138,1979.93135868,0.04233093,0.15%,46411134422,-0.04233093,1976.96146164,BTS,0.00006349
2017-12-16 01:13:37,XRP/BTC,Exchange,Sell,0.00004208,2060.75317826,0.08671649,0.25%,99665948403,0.08649969,-2060.75317826,BTC,0.00021679
2017-12-16 01:02:25,XRP/BTC,Exchange,Buy,0.00004396,2065.91797319,0.09081775,0.25%,99661007349,-0.09081775,2060.75317825,XRP,0.00022704
2017-12-16 00:54:43,BTS/BTC,Exchange,Sell,0.00002039,1599.22155475,0.03260812,0.25%,46406978582,0.03252659,-1599.22155475,BTC,0.00008152
2017-12-16 00:54:43,BTS/BTC,Exchange,Sell,0.00002039,2866.65179009,0.05845102,0.25%,46406978582,0.05830489,-2866.65179009,BTC,0.00014612
2017-12-15 23:56:07,BTS/BTC,Exchange,Buy,0.00002028,4477.06600986,0.09079489,0.25%,46402328237,-0.09079489,4465.87334483,BTS,0.00022698
2017-12-15 23:49:07,XRP/BTC,Exchange,Sell,0.00004285,2124.13152644,0.09101903,0.25%,99640851525,0.09079148,-2124.13152644,BTC,0.00022754
2017-12-15 19:23:45,XRP/BTC,Exchange,Buy,0.00004256,70.33710996,0.00299354,0.25%,99558455004,-0.00299354,70.16126718,XRP,0.00000748
2017-12-15 19:23:45,XRP/BTC,Exchange,Buy,0.00004256,1600.53236794,0.06811865,0.25%,99558455004,-0.06811865,1596.53103702,XRP,0.00017029
2017-12-15 19:23:45,XRP/BTC,Exchange,Buy,0.00004255,35.79497863,0.00152307,0.25%,99558455004,-0.00152307,35.70549118,XRP,0.00000380
2017-12-15 19:23:45,XRP/BTC,Exchange,Buy,0.00004255,13.31000000,0.00056634,0.25%,99558455004,-0.00056634,13.27672500,XRP,0.00000141
2017-12-15 19:23:45,XRP/BTC,Exchange,Buy,0.00004255,94.49886484,0.00402092,0.25%,99558455004,-0.00402092,94.26261767,XRP,0.00001005
2017-12-15 19:23:45,XRP/BTC,Exchange,Buy,0.00004254,115.59993418,0.00491762,0.25%,99558455004,-0.00491762,115.31093434,XRP,0.00001229
2017-12-15 19:23:45,XRP/BTC,Exchange,Buy,0.00004254,31.10000000,0.00132299,0.25%,99558455004,-0.00132299,31.02225000,XRP,0.00000330
2017-12-15 19:23:45,XRP/BTC,Exchange,Buy,0.00004254,168.28190877,0.00715871,0.25%,99558455004,-0.00715871,167.86120399,XRP,0.00001789
2017-12-15 19:02:38,XRP/BTC,Exchange,Sell,0.00004100,2206.69333491,0.09047442,0.15%,99550188279,0.09033870,-2206.69333491,BTC,0.00013571
2017-12-15 18:56:59,XRP/BTC,Exchange,Buy,0.00004235,2212.22389464,0.09368768,0.25%,99546026445,-0.09368768,2206.69333490,XRP,0.00023421
2017-12-15 18:56:22,XRP/BTC,Exchange,Sell,0.00004237,2175.82843536,0.09218985,0.25%,99545806665,0.09195937,-2175.82843536,BTC,0.00023047
2017-12-15 18:56:22,XRP/BTC,Exchange,Sell,0.00004237,6.79277791,0.00028781,0.25%,99545806665,0.00028709,-6.79277791,BTC,0.00000071
2017-12-15 18:56:22,XRP/BTC,Exchange,Sell,0.00004237,5.10381597,0.00021624,0.25%,99545806665,0.00021569,-5.10381597,BTC,0.00000054
2017-12-15 18:56:22,XRP/BTC,Exchange,Sell,0.00004237,3.37711069,0.00014308,0.25%,99545806665,0.00014272,-3.37711069,BTC,0.00000035
2017-12-15 18:56:22,XRP/BTC,Exchange,Sell,0.00004237,32.60126434,0.00138131,0.25%,99545806665,0.00137785,-32.60126434,BTC,0.00000345
2017-12-15 18:45:18,XRP/BTC,Exchange,Buy,0.00004227,1028.14087512,0.04345951,0.25%,99541518957,-0.04345951,1025.57052293,XRP,0.00010864
2017-12-15 18:45:18,XRP/BTC,Exchange,Buy,0.00004227,496.72223761,0.02099644,0.25%,99541518957,-0.02099644,495.48043201,XRP,0.00005249
2017-12-15 18:45:18,XRP/BTC,Exchange,Buy,0.00004225,704.41348301,0.02976146,0.25%,99541518957,-0.02976146,702.65244930,XRP,0.00007440
2017-12-15 18:32:46,XRP/BTC,Exchange,Sell,0.00004354,2169.04134309,0.09444006,0.15%,99532395090,0.09429840,-2169.04134309,BTC,0.00014166
2017-12-15 18:24:46,XRP/BTC,Exchange,Buy,0.00004343,2172.29979277,0.09434298,0.15%,99529783704,-0.09434298,2169.04134308,XRP,0.00014151
2017-12-15 18:23:40,BTS/BTC,Exchange,Sell,0.00002297,479.53178768,0.01101484,0.25%,46356816794,0.01098730,-479.53178768,BTC,0.00002753
2017-12-15 18:21:38,BTS/BTC,Exchange,Buy,0.00002250,286.35898000,0.00644307,0.15%,46356286325,-0.00644307,285.92944153,BTS,0.00000966
2017-12-15 18:21:29,BTS/BTC,Exchange,Buy,0.00002250,130.69206478,0.00294057,0.15%,46356286325,-0.00294057,130.49602668,BTS,0.00000441
2017-12-15 18:21:28,BTS/BTC,Exchange,Buy,0.00002250,63.26448066,0.00142345,0.25%,46356286325,-0.00142345,63.10631945,BTS,0.00000355
2017-12-15 18:08:33,BTS/BTC,Exchange,Sell,0.00002250,4191.29832159,0.09430421,0.15%,46353488126,0.09416275,-4191.29832159,BTC,0.00014145
2017-12-15 18:05:00,BTS/BTC,Exchange,Buy,0.00002270,4197.59471366,0.09528540,0.15%,46352252363,-0.09528540,4191.29832158,BTS,0.00014292
2017-12-15 17:18:23,XRP/BTC,Exchange,Sell,0.00004400,949.69437387,0.04178655,0.15%,99509112396,0.04172387,-949.69437387,BTC,0.00006267
2017-12-15 17:18:23,XRP/BTC,Exchange,Sell,0.00004400,1219.13578702,0.05364197,0.15%,99509112396,0.05356150,-1219.13578702,BTC,0.00008046
2017-12-15 17:09:52,XRP/BTC,Exchange,Buy,0.00004443,1022.00626204,0.04540773,0.15%,99507615894,-0.04540773,1020.47325264,XRP,0.00006811
2017-12-15 17:09:50,XRP/BTC,Exchange,Buy,0.00004443,349.56968800,0.01553138,0.15%,99507615894,-0.01553138,349.04533346,XRP,0.00002329
2017-12-15 17:09:49,XRP/BTC,Exchange,Buy,0.00004443,268.48508600,0.01192879,0.15%,99507615894,-0.01192879,268.08235837,XRP,0.00001789
2017-12-15 17:09:49,XRP/BTC,Exchange,Buy,0.00004443,434.68170535,0.01931290,0.15%,99507615894,-0.01931290,434.02968279,XRP,0.00002896
2017-12-15 17:07:48,XRP/BTC,Exchange,Buy,0.00004429,97.44314144,0.00431575,0.25%,99506960550,-0.00431575,97.19953358,XRP,0.00001078
2017-12-15 15:55:08,XRP/BTC,Exchange,Sell,0.00004500,2147.58933473,0.09664152,0.15%,99482438097,0.09649655,-2147.58933473,BTC,0.00014496
2017-12-15 15:42:03,XRP/BTC,Exchange,Buy,0.00004435,1350.81555806,0.05990866,0.15%,99477184356,-0.05990866,1348.78933472,XRP,0.00008986
2017-12-15 15:42:01,XRP/BTC,Exchange,Buy,0.00004435,800.00000000,0.03548000,0.15%,99477184356,-0.03548000,798.80000000,XRP,0.00005322
2017-12-15 15:23:45,XRP/BTC,Exchange,Sell,0.00004490,2120.44669617,0.09520805,0.15%,99470648898,0.09506523,-2120.44669617,BTC,0.00014281
2017-12-15 15:21:30,XRP/BTC,Exchange,Buy,0.00004535,2084.34555967,0.09452507,0.25%,99469666881,-0.09452507,2079.13469577,XRP,0.00023631
2017-12-15 15:21:30,XRP/BTC,Exchange,Buy,0.00004524,41.41553923,0.00187363,0.25%,99469666881,-0.00187363,41.31200038,XRP,0.00000468
2017-12-15 15:07:44,XRP/BTC,Exchange,Sell,0.00004530,685.51924340,0.03105402,0.25%,99463741812,0.03097638,-685.51924340,BTC,0.00007763
2017-12-15 15:05:39,XRP/BTC,Exchange,Sell,0.00004600,0.00000075,0.00000000,0.15%,99461670885,0.00000000,-0.00000075,BTC,0.00000000
2017-12-15 15:05:39,XRP/BTC,Exchange,Sell,0.00004600,100.00000000,0.00460000,0.15%,99461670885,0.00459310,-100.00000000,BTC,0.00000690
2017-12-15 15:05:38,XRP/BTC,Exchange,Sell,0.00004600,96.61966157,0.00444450,0.15%,99461670885,0.00443783,-96.61966157,BTC,0.00000666
2017-12-15 15:05:38,XRP/BTC,Exchange,Sell,0.00004600,884.78247628,0.04069999,0.15%,99461670885,0.04063894,-884.78247628,BTC,0.00006104
2017-12-15 15:05:23,XRP/BTC,Exchange,Sell,0.00004600,350.00000000,0.01610000,0.15%,99461670885,0.01607585,-350.00000000,BTC,0.00002415
2017-12-15 14:49:10,XRP/BTC,Exchange,Buy,0.00004432,0.00000022,0.00000000,0.15%,99451107459,0.00000000,0.00000021,XRP,0.00000000
2017-12-15 14:49:10,XRP/BTC,Exchange,Buy,0.00004432,2120.10153408,0.09396289,0.15%,99451107459,-0.09396289,2116.92138177,XRP,0.00014094
2017-12-15 14:32:18,XRP/BTC,Exchange,Sell,0.00004300,2188.46631776,0.09410405,0.15%,99445592979,0.09396289,-2188.46631776,BTC,0.00014115
2017-12-15 10:28:25,XRP/BTC,Exchange,Buy,0.00004052,1085.33563112,0.04397779,0.15%,99350132535,-0.04397779,1083.70762767,XRP,0.00006596
2017-12-15 10:28:24,XRP/BTC,Exchange,Buy,0.00004052,1106.41831755,0.04483207,0.15%,99350132535,-0.04483207,1104.75869007,XRP,0.00006724
2017-12-15 10:17:34,XRP/BTC,Exchange,Sell,0.00004051,2197.78924486,0.08903244,0.25%,99343713960,0.08880985,-2197.78924486,BTC,0.00022258
2017-12-14 19:36:17,XRP/BTC,Exchange,Buy,0.00004380,2203.29748858,0.09650442,0.25%,98817431769,-0.09650442,2197.78924485,XRP,0.00024126
2017-12-14 19:31:24,XRP/BTC,Exchange,Sell,0.00004462,2166.05580399,0.09664940,0.15%,98809969239,0.09650442,-2166.05580399,BTC,0.00014497
2017-12-14 15:57:02,XRP/BTC,Exchange,Buy,0.00003890,2169.30976864,0.08438615,0.15%,98622463932,-0.08438615,2166.05580398,XRP,0.00012657
2017-12-14 15:55:03,XRP/BTC,Exchange,Sell,0.00003850,2195.14059400,0.08451291,0.15%,98621098299,0.08438614,-2195.14059400,BTC,0.00012676
2017-12-14 13:44:12,XRP/BTC,Exchange,Buy,0.00003660,2198.43825137,0.08046284,0.15%,98505076437,-0.08046284,2195.14059399,XRP,0.00012069
2017-12-14 13:42:24,ETH/BTC,Exchange,Sell,0.04201322,1.91539853,0.08047205,0.25%,387395345020,0.08027086,-1.91539853,BTC,0.00020118
2017-12-14 11:30:50,ETH/BTC,Exchange,Buy,0.04330000,1.92019902,0.08314461,0.25%,387340239181,-0.08314461,1.91539852,ETH,0.00020786
2017-12-14 10:07:14,ETH/BTC,Exchange,Sell,0.04480000,1.86286279,0.08345625,0.15%,387308549902,0.08333106,-1.86286279,BTC,0.00012518
2017-12-14 09:50:33,ETH/BTC,Exchange,Buy,0.04459971,1.81774661,0.08107097,0.25%,387301259200,-0.08107097,1.81320224,ETH,0.00020267
2017-12-14 09:50:33,ETH/BTC,Exchange,Buy,0.04450000,0.04978500,0.00221543,0.25%,387301259200,-0.00221543,0.04966053,ETH,0.00000553
2017-12-14 09:42:56,XRP/BTC,Exchange,Sell,0.00003300,2527.78874985,0.08341702,0.15%,98405068545,0.08329189,-2527.78874985,BTC,0.00012512
2017-12-13 23:17:11,XRP/BTC,Exchange,Buy,0.00002914,131.35581455,0.00382770,0.15%,98140803075,-0.00382770,131.15878082,XRP,0.00000574
2017-12-13 23:17:11,XRP/BTC,Exchange,Buy,0.00002914,994.97260000,0.02899350,0.15%,98140803075,-0.02899350,993.48014110,XRP,0.00004349
2017-12-13 23:13:57,EMC2/BTC,Exchange,Sell,0.00011200,293.48666627,0.03287050,0.15%,12541464010,0.03282119,-293.48666627,BTC,0.00004930
2017-12-13 22:36:04,EMC2/BTC,Exchange,Buy,0.00010850,293.92755760,0.03189113,0.15%,12539700775,-0.03189113,293.48666626,EMC2,0.00004783
2017-12-13 22:22:55,EMC2/BTC,Exchange,Sell,0.00011560,269.80649686,0.03118963,0.25%,12538961515,0.03111165,-269.80649686,BTC,0.00007797
2017-12-13 22:22:55,EMC2/BTC,Exchange,Sell,0.00011561,6.75921280,0.00078143,0.25%,12538961515,0.00077947,-6.75921280,BTC,0.00000195
2017-12-13 22:02:32,XRP/BTC,Exchange,Buy,0.00002949,1070.19728473,0.03156011,0.15%,98118619281,-0.03156011,1068.59198880,XRP,0.00004734
2017-12-13 22:01:20,XRP/BTC,Exchange,Buy,0.00002949,135.06042975,0.00398293,0.15%,98118619281,-0.00398293,134.85783910,XRP,0.00000597
2017-12-13 22:01:20,XRP/BTC,Exchange,Buy,0.00002949,100.00000000,0.00294900,0.15%,98118619281,-0.00294900,99.85000000,XRP,0.00000442
2017-12-13 22:01:16,XRP/BTC,Exchange,Buy,0.00002949,100.00000000,0.00294900,0.15%,98118619281,-0.00294900,99.85000000,XRP,0.00000442
2017-12-13 21:58:45,EMC2/BTC,Exchange,Sell,0.00011465,25.00000000,0.00286625,0.15%,12536534944,0.00286195,-25.00000000,BTC,0.00000429
2017-12-13 21:58:36,EMC2/BTC,Exchange,Sell,0.00011465,179.55019625,0.02058543,0.15%,12536534944,0.02055455,-179.55019625,BTC,0.00003087
2017-12-13 21:58:21,EMC2/BTC,Exchange,Sell,0.00011465,100.68379859,0.01154339,0.15%,12536534944,0.01152607,-100.68379859,BTC,0.00001731
2017-12-13 21:58:19,EMC2/BTC,Exchange,Sell,0.00011465,56.76589269,0.00650820,0.15%,12536534944,0.00649843,-56.76589269,BTC,0.00000976
2017-12-13 21:58:02,EMC2/BTC,Exchange,Buy,0.00011473,616.15247658,0.07069117,0.15%,12536509969,-0.07069117,615.22824786,EMC2,0.00010603
2017-12-13 21:58:01,EMC2/BTC,Exchange,Buy,0.00011473,23.37240793,0.00268151,0.15%,12536509969,-0.00268151,23.33734931,EMC2,0.00000402
2017-12-13 21:57:25,EMC2/BTC,Exchange,Sell,0.00011505,588.83932552,0.06774596,0.15%,12536464015,0.06764434,-588.83932552,BTC,0.00010161
2017-12-13 21:57:21,EMC2/BTC,Exchange,Sell,0.00011505,49.86467617,0.00573693,0.15%,12536464015,0.00572832,-49.86467617,BTC,0.00000860
2017-12-13 21:56:49,EMC2/BTC,Exchange,Buy,0.00011506,483.45805000,0.05562668,0.15%,12536446033,-0.05562668,482.73286292,EMC2,0.00008344
2017-12-13 21:56:46,EMC2/BTC,Exchange,Buy,0.00011506,156.36204386,0.01799101,0.25%,12536446033,-0.01799101,155.97113875,EMC2,0.00004497
2017-12-13 21:56:21,EMC2/BTC,Exchange,Sell,0.00011506,53.30620200,0.00613341,0.25%,12536428051,0.00611807,-53.30620200,BTC,0.00001533
2017-12-13 21:56:21,EMC2/BTC,Exchange,Sell,0.00011506,35.22028568,0.00405244,0.25%,12536428051,0.00404230,-35.22028568,BTC,0.00001013
2017-12-13 21:56:21,EMC2/BTC,Exchange,Sell,0.00011506,552.89710010,0.06361634,0.25%,12536428051,0.06345729,-552.89710010,BTC,0.00015904
2017-12-13 21:33:00,EMC2/BTC,Exchange,Buy,0.00011690,572.93748873,0.06697639,0.15%,12535016464,-0.06697639,572.07808249,EMC2,0.00010046
2017-12-13 21:32:43,EMC2/BTC,Exchange,Buy,0.00011690,69.44967979,0.00811866,0.15%,12535016464,-0.00811866,69.34550527,EMC2,0.00001217
2017-12-13 21:31:58,LTC/BTC,Exchange,Sell,0.01814264,4.14751795,0.07524692,0.25%,133436883596,0.07505880,-4.14751795,BTC,0.00018811
2017-12-13 20:11:14,LTC/BTC,Exchange,Buy,0.01805000,1.72873356,0.03120364,0.25%,133413601901,-0.03120364,1.72441172,LTC,0.00007800
2017-12-13 20:11:14,LTC/BTC,Exchange,Buy,0.01804999,2.42917916,0.04384665,0.25%,133413601901,-0.04384665,2.42310621,LTC,0.00010961
2017-12-13 19:05:46,ETH/BTC,Exchange,Sell,0.04200000,1.79040742,0.07519711,0.15%,386939163658,0.07508431,-1.79040742,BTC,0.00011279
2017-12-13 17:58:27,ETH/BTC,Exchange,Buy,0.04188797,0.22206600,0.00930189,0.25%,386915451394,-0.00930189,0.22151083,ETH,0.00002325
2017-12-13 17:58:04,VRC/BTC,Exchange,Sell,0.00006625,39.52584695,0.00261858,0.25%,14799706578,0.00261203,-39.52584695,BTC,0.00000654
2017-12-13 17:58:04,VRC/BTC,Exchange,Sell,0.00006625,21.57484634,0.00142933,0.25%,14799706578,0.00142575,-21.57484634,BTC,0.00000357
2017-12-13 17:58:04,VRC/BTC,Exchange,Sell,0.00006626,19.45004542,0.00128876,0.25%,14799706578,0.00128553,-19.45004542,BTC,0.00000322
2017-12-13 17:58:04,VRC/BTC,Exchange,Sell,0.00006680,20.19134802,0.00134878,0.25%,14799706578,0.00134540,-20.19134802,BTC,0.00000337
2017-12-13 17:58:04,VRC/BTC,Exchange,Sell,0.00006680,20.19134802,0.00134878,0.25%,14799706578,0.00134540,-20.19134802,BTC,0.00000337
2017-12-13 17:58:04,VRC/BTC,Exchange,Sell,0.00006680,18.19666935,0.00121553,0.25%,14799706578,0.00121249,-18.19666935,BTC,0.00000303
2017-12-13 17:55:55,ETH/BTC,Exchange,Buy,0.04212000,0.65791191,0.02771124,0.25%,386914450396,-0.02771124,0.65626713,ETH,0.00006927
2017-12-13 17:55:55,ETH/BTC,Exchange,Buy,0.04208700,0.91491673,0.03850610,0.25%,386914450396,-0.03850610,0.91262943,ETH,0.00009626
2017-12-13 17:53:44,VRC/BTC,Exchange,Sell,0.00006766,210.72273130,0.01425749,0.25%,14799384900,0.01422184,-210.72273130,BTC,0.00003564
2017-12-13 17:48:20,VRC/BTC,Exchange,Buy,0.00006740,350.37840300,0.02361550,0.15%,14799180105,-0.02361550,349.85283539,VRC,0.00003542
2017-12-13 17:47:11,LTC/BTC,Exchange,Sell,0.01809003,4.19447252,0.07587813,0.25%,133365281270,0.07568843,-4.19447252,BTC,0.00018969
2017-12-13 16:34:21,LTC/BTC,Exchange,Buy,0.01860000,1.94984815,0.03626717,0.15%,133344189383,-0.03626717,1.94692337,LTC,0.00005440
2017-12-13 16:34:15,LTC/BTC,Exchange,Buy,0.01860000,0.04011333,0.00074610,0.15%,133344189383,-0.00074610,0.04005316,LTC,0.00000111
2017-12-13 16:33:54,LTC/BTC,Exchange,Buy,0.01860000,2.21081218,0.04112110,0.15%,133344189383,-0.04112110,2.20749596,LTC,0.00006168
2017-12-13 16:31:53,STR/BTC,Exchange,Sell,0.00000922,8495.68362934,0.07833020,0.25%,48663071306,0.07813437,-8495.68362934,BTC,0.00019582
2017-12-13 16:22:00,STR/BTC,Exchange,Buy,0.00000916,838.36256012,0.00767940,0.15%,48661096283,-0.00767940,837.10501627,STR,0.00001151
2017-12-13 16:21:56,STR/BTC,Exchange,Buy,0.00000916,40.29386696,0.00036909,0.15%,48661096283,-0.00036909,40.23342615,STR,0.00000055
2017-12-13 16:21:48,STR/BTC,Exchange,Buy,0.00000916,3.15611353,0.00002890,0.15%,48661096283,-0.00002890,3.15137935,STR,0.00000004
2017-12-13 16:21:45,STR/BTC,Exchange,Buy,0.00000916,31.84825327,0.00029172,0.15%,48661096283,-0.00029172,31.80048089,STR,0.00000043
2017-12-13 16:21:40,STR/BTC,Exchange,Buy,0.00000916,894.16991703,0.00819059,0.15%,48661096283,-0.00819059,892.82866215,STR,0.00001228
2017-12-13 16:21:35,STR/BTC,Exchange,Buy,0.00000916,0.00218340,0.00000001,0.15%,48661096283,-0.00000001,0.00218012,STR,0.00000000
2017-12-13 16:21:35,STR/BTC,Exchange,Buy,0.00000916,0.00218340,0.00000001,0.15%,48661096283,-0.00000001,0.00218012,STR,0.00000000
2017-12-13 16:21:09,STR/BTC,Exchange,Buy,0.00000916,4539.00000000,0.04157724,0.15%,48661096283,-0.04157724,4532.19150000,STR,0.00006236
2017-12-13 16:21:09,STR/BTC,Exchange,Buy,0.00000916,49.87500000,0.00045685,0.15%,48661096283,-0.00045685,49.80018750,STR,0.00000068
2017-12-13 16:21:01,STR/BTC,Exchange,Buy,0.00000916,0.00655021,0.00000005,0.15%,48661096283,-0.00000005,0.00654038,STR,0.00000000
2017-12-13 16:21:00,STR/BTC,Exchange,Buy,0.00000916,0.00218340,0.00000001,0.15%,48661096283,-0.00000001,0.00218012,STR,0.00000000
2017-12-13 16:20:50,STR/BTC,Exchange,Buy,0.00000916,2113.84450746,0.01936281,0.25%,48661096283,-0.01936281,2108.55989619,STR,0.00004840
2017-12-13 16:14:31,LBC/BTC,Exchange,Sell,0.00002470,94.64080724,0.00233762,0.15%,28710533894,0.00233411,-94.64080724,BTC,0.00000350
2017-12-13 16:14:30,LBC/BTC,Exchange,Sell,0.00002470,121.45748988,0.00300000,0.15%,28710533894,0.00299550,-121.45748988,BTC,0.00000450
2017-12-13 16:14:27,LBC/BTC,Exchange,Sell,0.00002470,121.45748988,0.00300000,0.15%,28710533894,0.00299550,-121.45748988,BTC,0.00000450
2017-12-13 16:14:27,LBC/BTC,Exchange,Sell,0.00002470,121.45748988,0.00300000,0.15%,28710533894,0.00299550,-121.45748988,BTC,0.00000450
2017-12-13 16:14:24,LBC/BTC,Exchange,Sell,0.00002470,236.75421119,0.00584782,0.15%,28710533894,0.00583904,-236.75421119,BTC,0.00000877
2017-12-13 16:14:23,LBC/BTC,Exchange,Sell,0.00002470,120.53033347,0.00297709,0.15%,28710533894,0.00297262,-120.53033347,BTC,0.00000446
2017-12-13 16:14:23,LBC/BTC,Exchange,Sell,0.00002470,1868.19450000,0.04614440,0.15%,28710533894,0.04607518,-1868.19450000,BTC,0.00006921
2017-12-13 16:14:22,LBC/BTC,Exchange,Sell,0.00002470,34.69140002,0.00085687,0.15%,28710533894,0.00085558,-34.69140002,BTC,0.00000128
2017-12-13 16:14:22,LBC/BTC,Exchange,Sell,0.00002470,120.53033347,0.00297709,0.15%,28710533894,0.00297262,-120.53033347,BTC,0.00000446
2017-12-13 16:14:22,LBC/BTC,Exchange,Sell,0.00002470,201.53164046,0.00497783,0.15%,28710533894,0.00497036,-201.53164046,BTC,0.00000746
2017-12-13 16:14:21,LBC/BTC,Exchange,Sell,0.00002470,113.92329234,0.00281390,0.15%,28710533894,0.00280967,-113.92329234,BTC,0.00000422
2017-12-13 15:54:17,LBC/BTC,Exchange,Buy,0.00002468,986.95177462,0.02435796,0.15%,28709353076,-0.02435796,985.47134695,LBC,0.00003653
2017-12-13 15:54:16,LBC/BTC,Exchange,Buy,0.00002468,900.00000000,0.02221200,0.15%,28709353076,-0.02221200,898.65000000,LBC,0.00003331
2017-12-13 15:54:14,LBC/BTC,Exchange,Buy,0.00002468,52.77464455,0.00130247,0.15%,28709353076,-0.00130247,52.69548258,LBC,0.00000195
2017-12-13 15:54:04,LBC/BTC,Exchange,Buy,0.00002468,61.83938894,0.00152619,0.15%,28709353076,-0.00152619,61.74662985,LBC,0.00000228
2017-12-13 15:54:00,LBC/BTC,Exchange,Buy,0.00002456,524.97167711,0.01289330,0.25%,28709353076,-0.01289330,523.65924791,LBC,0.00003223
2017-12-13 15:54:00,LBC/BTC,Exchange,Buy,0.00002456,450.00000000,0.01105200,0.25%,28709353076,-0.01105200,448.87500000,LBC,0.00002763
2017-12-13 15:54:00,LBC/BTC,Exchange,Buy,0.00002455,88.62821222,0.00217582,0.25%,28709353076,-0.00217582,88.40664168,LBC,0.00000543
2017-12-13 15:54:00,LBC/BTC,Exchange,Buy,0.00002455,95.90439980,0.00235445,0.25%,28709353076,-0.00235445,95.66463880,LBC,0.00000588
2017-12-13 15:51:59,LTC/BTC,Exchange,Sell,0.01874000,1.12140818,0.02101518,0.15%,133331097488,0.02098365,-1.12140818,BTC,0.00003152
2017-12-13 15:51:59,LTC/BTC,Exchange,Sell,0.01874000,3.04787700,0.05711721,0.15%,133331097488,0.05703153,-3.04787700,BTC,0.00008567
2017-12-13 15:15:02,LTC/BTC,Exchange,Buy,0.01874143,4.17554850,0.07825574,0.15%,133322323271,-0.07825574,4.16928517,LTC,0.00011738
2017-12-13 15:13:38,EMC2/BTC,Exchange,Sell,0.00009341,188.94756721,0.01764959,0.15%,12509186320,0.01762311,-188.94756721,BTC,0.00002647
2017-12-13 15:13:36,EMC2/BTC,Exchange,Sell,0.00009341,650.72861578,0.06078456,0.25%,12509186320,0.06063259,-650.72861578,BTC,0.00015196
2017-12-13 12:23:09,EMC2/BTC,Exchange,Buy,0.00009932,164.40500437,0.01632870,0.15%,12494294227,-0.01632870,164.15839686,EMC2,0.00002449
2017-12-13 12:23:08,EMC2/BTC,Exchange,Buy,0.00009932,59.78701453,0.00593804,0.15%,12494294227,-0.00593804,59.69733400,EMC2,0.00000890
2017-12-13 12:23:07,EMC2/BTC,Exchange,Buy,0.00009932,40.40404041,0.00401292,0.15%,12494294227,-0.00401292,40.34343434,EMC2,0.00000601
2017-12-13 12:23:06,EMC2/BTC,Exchange,Buy,0.00009932,15.00150241,0.00148994,0.25%,12494294227,-0.00148994,14.96399865,EMC2,0.00000372
2017-12-13 12:23:06,EMC2/BTC,Exchange,Buy,0.00009931,1.01701742,0.00010099,0.25%,12494294227,-0.00010099,1.01447487,EMC2,0.00000025
2017-12-13 12:22:43,RIC/BTC,Exchange,Sell,0.00001112,1482.40823786,0.01648437,0.15%,9903625544,0.01645964,-1482.40823786,BTC,0.00002472
2017-12-13 12:22:10,RIC/BTC,Exchange,Sell,0.00001112,828.20885075,0.00920968,0.25%,9903625544,0.00918665,-828.20885075,BTC,0.00002302
2017-12-13 12:22:10,RIC/BTC,Exchange,Sell,0.00001112,200.53054566,0.00222989,0.25%,9903625544,0.00222431,-200.53054566,BTC,0.00000557
2017-12-13 12:21:23,EMC2/BTC,Exchange,Buy,0.00009860,2.03904665,0.00020104,0.15%,12493012510,-0.00020104,2.03598808,EMC2,0.00000030
2017-12-13 12:20:22,EMC2/BTC,Exchange,Buy,0.00010076,472.65338154,0.04762455,0.15%,12493847674,-0.04762455,471.94440146,EMC2,0.00007143
2017-12-13 12:20:21,EMC2/BTC,Exchange,Buy,0.00010076,85.73248587,0.00863840,0.25%,12493847674,-0.00863840,85.51815465,EMC2,0.00002159
2017-12-13 12:20:06,XMR/BTC,Exchange,Sell,0.01932612,2.91853494,0.05640395,0.25%,225866297724,0.05626294,-2.91853494,BTC,0.00014100
2017-12-13 12:15:25,XMR/BTC,Exchange,Buy,0.01948987,0.67129110,0.01308337,0.25%,225865204818,-0.01308337,0.66961287,XMR,0.00003270
2017-12-13 12:15:25,XMR/BTC,Exchange,Buy,0.01940083,2.25455845,0.04374030,0.25%,225865204818,-0.04374030,2.24892205,XMR,0.00010935
2017-12-13 12:04:37,EMC2/BTC,Exchange,Sell,0.00009100,627.58658893,0.05711037,0.15%,12488374153,0.05702470,-627.58658893,BTC,0.00008566
2017-12-13 10:12:22,EMC2/BTC,Exchange,Buy,0.00008822,629.15948764,0.05550444,0.25%,12488359168,-0.05550444,627.58658892,EMC2,0.00013876
2017-12-13 09:58:47,NXT/BTC,Exchange,Sell,0.00003919,136.92794540,0.00536620,0.15%,43884651489,0.00535815,-136.92794540,BTC,0.00000804
2017-12-13 09:48:18,NXT/BTC,Exchange,Sell,0.00003919,1275.51020408,0.04998724,0.15%,43884651489,0.04991225,-1275.51020408,BTC,0.00007498
2017-12-13 09:48:10,NXT/BTC,Exchange,Sell,0.00003919,5.98060730,0.00023438,0.15%,43884651489,0.00023402,-5.98060730,BTC,0.00000035
2017-12-13 09:01:32,NXT/BTC,Exchange,Buy,0.00003877,1421.97369100,0.05512992,0.25%,43880277867,-0.05512992,1418.41875677,NXT,0.00013782
2017-12-13 08:52:59,ETH/BTC,Exchange,Sell,0.03899843,1.09392808,0.04266147,0.15%,386671765324,0.04259747,-1.09392808,BTC,0.00006399
2017-12-13 08:52:56,ETH/BTC,Exchange,Sell,0.03899843,0.31937623,0.01245517,0.15%,386671765324,0.01243648,-0.31937623,BTC,0.00001868
2017-12-12 23:52:09,ETH/BTC,Exchange,Buy,0.03763228,1.41684642,0.05331916,0.25%,386468107186,-0.05331916,1.41330430,ETH,0.00013329
2017-12-12 23:49:41,EMC2/BTC,Exchange,Sell,0.00008955,382.91122414,0.03428970,0.25%,12455879680,0.03420397,-382.91122414,BTC,0.00008572
2017-12-12 23:49:41,EMC2/BTC,Exchange,Sell,0.00008955,104.87035176,0.00939114,0.25%,12455879680,0.00936766,-104.87035176,BTC,0.00002347
2017-12-12 23:48:33,SC/BTC,Exchange,Sell,0.00000062,15700.37166667,0.00973423,0.15%,16508687937,0.00971962,-15700.37166667,BTC,0.00001460
2017-12-12 23:48:28,SC/BTC,Exchange,Sell,0.00000062,200.00000000,0.00012400,0.15%,16508687937,0.00012381,-200.00000000,BTC,0.00000018
2017-12-12 23:20:15,SC/BTC,Exchange,Buy,0.00000063,15940.22222222,0.01004233,0.25%,16507256370,-0.01004233,15900.37166666,SC,0.00002510
2017-12-12 23:19:26,LTC/BTC,Exchange,Sell,0.01690407,0.59451409,0.01004970,0.25%,133046670200,0.01002457,-0.59451409,BTC,0.00002512
2017-12-12 21:06:44,LTC/BTC,Exchange,Buy,0.01830000,0.59600410,0.01090687,0.25%,132994966955,-0.01090687,0.59451408,LTC,0.00002726
2017-12-12 16:15:37,EMC2/BTC,Exchange,Sell,0.00009200,118.92442989,0.01094104,0.15%,12421490104,0.01092462,-118.92442989,BTC,0.00001641
2017-12-12 15:00:24,EMC2/BTC,Exchange,Buy,0.00008721,119.10308451,0.01038698,0.15%,12421416178,-0.01038698,118.92442988,EMC2,0.00001558
2017-12-12 14:34:31,NXT/BTC,Exchange,Sell,0.00003900,266.65896670,0.01039969,0.15%,43729904391,0.01038409,-266.65896670,BTC,0.00001559
2017-12-12 09:56:09,NXT/BTC,Exchange,Buy,0.00003810,143.72980063,0.00547610,0.25%,43729829466,-0.00547610,143.37047612,NXT,0.00001369
2017-12-12 09:53:09,EMC2/BTC,Exchange,Sell,0.00009870,46.31033724,0.00457083,0.15%,12404964646,0.00456397,-46.31033724,BTC,0.00000685
2017-12-12 09:35:36,EMC2/BTC,Exchange,Sell,0.00009870,9.28449744,0.00091637,0.15%,12404964646,0.00091499,-9.28449744,BTC,0.00000137
2017-12-12 09:27:49,NXT/BTC,Exchange,Buy,0.00003816,123.59748428,0.00471648,0.25%,43725696603,-0.00471648,123.28849056,NXT,0.00001179
2017-12-12 09:27:20,EMC2/BTC,Exchange,Sell,0.00009979,47.38253124,0.00472830,0.25%,12404722888,0.00471647,-47.38253124,BTC,0.00001182
2017-12-12 09:17:57,EMC2/BTC,Exchange,Buy,0.00009900,103.23545455,0.01022031,0.25%,12404357254,-0.01022031,102.97736591,EMC2,0.00002555
2017-12-12 09:02:17,NXT/BTC,Exchange,Sell,0.00003900,135.39057927,0.00528023,0.15%,43719788517,0.00527230,-135.39057927,BTC,0.00000792
2017-12-12 09:02:16,NXT/BTC,Exchange,Sell,0.00003900,126.90928585,0.00494946,0.15%,43719788517,0.00494203,-126.90928585,BTC,0.00000742
2017-12-12 08:50:51,NXT/BTC,Exchange,Buy,0.00003808,100.91289425,0.00384276,0.15%,43719569736,-0.00384276,100.76152490,NXT,0.00000576
2017-12-12 08:50:46,NXT/BTC,Exchange,Buy,0.00003808,13.48316749,0.00051343,0.25%,43719569736,-0.00051343,13.44945957,NXT,0.00000128
2017-12-12 08:50:46,NXT/BTC,Exchange,Buy,0.00003804,100.00000000,0.00380400,0.25%,43719569736,-0.00380400,99.75000000,NXT,0.00000951
2017-12-12 08:50:46,NXT/BTC,Exchange,Buy,0.00003804,48.46003070,0.00184341,0.25%,43719569736,-0.00184341,48.33888062,NXT,0.00000460
2017-12-12 08:48:53,EMC2/BTC,Exchange,Sell,0.00010020,12.31177645,0.00123364,0.15%,12403419193,0.00123178,-12.31177645,BTC,0.00000185
2017-12-12 08:48:18,EMC2/BTC,Exchange,Sell,0.00010020,87.68822355,0.00878635,0.15%,12403419193,0.00877317,-87.68822355,BTC,0.00001317
2017-12-10 14:26:53,EMC2/BTC,Exchange,Buy,0.00012898,5.03757025,0.00064974,0.25%,12210651154,-0.00064974,5.02497632,EMC2,0.00000162
2017-12-10 14:25:32,EMC2/BTC,Exchange,Buy,0.00012990,584.21714242,0.07588980,0.25%,12210573232,-0.07588980,582.75659956,EMC2,0.00018972
2017-12-10 11:51:40,EMC2/BTC,Exchange,Sell,0.00013400,78.57039304,0.01052843,0.15%,12192731092,0.01051263,-78.57039304,BTC,0.00001579
2017-12-10 11:51:36,EMC2/BTC,Exchange,Sell,0.00013400,134.40985075,0.01801092,0.15%,12192731092,0.01798390,-134.40985075,BTC,0.00002701
2017-12-10 11:24:37,EMC2/BTC,Exchange,Buy,0.00013299,58.56840869,0.00778901,0.15%,12191340484,-0.00778901,58.48055607,EMC2,0.00001168
2017-12-10 11:24:21,EMC2/BTC,Exchange,Buy,0.00013299,54.86250000,0.00729616,0.15%,12191340484,-0.00729616,54.78020625,EMC2,0.00001094
2017-12-10 11:24:16,EMC2/BTC,Exchange,Buy,0.00013299,45.00777101,0.00598558,0.25%,12191340484,-0.00598558,44.89525158,EMC2,0.00001496
2017-12-10 11:24:16,EMC2/BTC,Exchange,Buy,0.00013293,54.96163395,0.00730605,0.25%,12191340484,-0.00730605,54.82422986,EMC2,0.00001826
2017-12-10 10:45:09,NXT/BTC,Exchange,Sell,0.00003820,362.83585004,0.01386032,0.15%,43263637125,0.01383952,-362.83585004,BTC,0.00002079
2017-12-10 10:44:45,NXT/BTC,Exchange,Sell,0.00003820,1640.80778884,0.06267885,0.15%,43263637125,0.06258483,-1640.80778884,BTC,0.00009401
2017-12-10 10:37:03,NXT/BTC,Exchange,Buy,0.00003730,0.00000030,0.00000000,0.15%,43263365397,0.00000000,0.00000029,NXT,0.00000000
2017-12-10 10:37:01,NXT/BTC,Exchange,Buy,0.00003730,2006.65361900,0.07484817,0.15%,43263365397,-0.07484817,2003.64363857,NXT,0.00011227
2017-12-10 09:54:38,RIC/BTC,Exchange,Buy,0.00001472,2136.29085474,0.03144620,0.15%,9757586729,-0.03144620,2133.08641845,RIC,0.00004716
2017-12-10 09:54:22,RIC/BTC,Exchange,Buy,0.00001472,215.73182953,0.00317557,0.25%,9757586729,-0.00317557,215.19249995,RIC,0.00000793
2017-12-10 09:54:22,RIC/BTC,Exchange,Buy,0.00001472,163.27690812,0.00240343,0.25%,9757586729,-0.00240343,162.86871584,RIC,0.00000600
2017-12-10 09:52:53,SC/BTC,Exchange,Sell,0.00000053,29980.35460290,0.01588958,0.25%,16445742945,0.01584985,-29980.35460290,BTC,0.00003972
2017-12-10 09:52:53,SC/BTC,Exchange,Sell,0.00000053,34320.55000000,0.01818989,0.25%,16445742945,0.01814441,-34320.55000000,BTC,0.00004547
2017-12-10 09:52:53,SC/BTC,Exchange,Sell,0.00000053,541.73584906,0.00028712,0.25%,16445742945,0.00028640,-541.73584906,BTC,0.00000071
2017-12-10 09:52:53,SC/BTC,Exchange,Sell,0.00000053,5016.25000000,0.00265861,0.25%,16445742945,0.00265196,-5016.25000000,BTC,0.00000664
2017-12-09 23:32:56,NXT/BTC,Exchange,Sell,0.00004000,1876.33200922,0.07505328,0.15%,43149299577,0.07494070,-1876.33200922,BTC,0.00011257
2017-12-09 11:35:43,NXT/BTC,Exchange,Buy,0.00004080,843.36926621,0.03440946,0.15%,43071768186,-0.03440946,842.10421231,NXT,0.00005161
2017-12-09 11:35:40,NXT/BTC,Exchange,Buy,0.00004080,967.80860884,0.03948659,0.15%,43071768186,-0.03948659,966.35689592,NXT,0.00005922
2017-12-09 11:35:06,NXT/BTC,Exchange,Buy,0.00004080,17.72442832,0.00072315,0.15%,43071768186,-0.00072315,17.69784167,NXT,0.00000108
2017-12-09 11:34:01,NXT/BTC,Exchange,Buy,0.00004080,12.56194140,0.00051252,0.15%,43071768186,-0.00051252,12.54309848,NXT,0.00000076
2017-12-09 11:34:00,NXT/BTC,Exchange,Buy,0.00004080,12.56068219,0.00051247,0.15%,43071768186,-0.00051247,12.54184116,NXT,0.00000076
2017-12-09 11:34:00,NXT/BTC,Exchange,Buy,0.00004080,12.59216260,0.00051376,0.15%,43071768186,-0.00051376,12.57327435,NXT,0.00000077
2017-12-09 11:33:59,NXT/BTC,Exchange,Buy,0.00004080,12.53364573,0.00051137,0.15%,43071768186,-0.00051137,12.51484526,NXT,0.00000076
2017-12-09 02:46:46,EMC2/BTC,Exchange,Sell,0.00014000,548.46091262,0.07678452,0.15%,12020741254,0.07666934,-548.46091262,BTC,0.00011517
2017-12-08 19:07:41,EMC2/BTC,Exchange,Buy,0.00014050,405.58756492,0.05698505,0.15%,11989787239,-0.05698505,404.97918357,EMC2,0.00008547
2017-12-08 19:05:28,EMC2/BTC,Exchange,Buy,0.00014050,2.13587188,0.00030008,0.15%,11989787239,-0.00030008,2.13266807,EMC2,0.00000045
2017-12-08 19:05:26,EMC2/BTC,Exchange,Buy,0.00014050,141.56140306,0.01988937,0.15%,11989787239,-0.01988937,141.34906095,EMC2,0.00002983
2017-12-08 17:21:58,EMC2/BTC,Exchange,Sell,0.00014600,529.38667241,0.07729045,0.15%,11975841199,0.07717451,-529.38667241,BTC,0.00011593
2017-12-08 15:17:47,EMC2/BTC,Exchange,Buy,0.00014301,146.66530416,0.02097460,0.15%,11969356690,-0.02097460,146.44530620,EMC2,0.00003146
2017-12-08 15:13:49,EMC2/BTC,Exchange,Buy,0.00014301,383.51664116,0.05484671,0.15%,11969356690,-0.05484671,382.94136619,EMC2,0.00008227
2017-12-08 14:44:47,NXT/BTC,Exchange,Sell,0.00004356,1291.20900187,0.05624506,0.15%,42919607499,0.05616069,-1291.20900187,BTC,0.00008436
2017-12-08 14:25:13,NXT/BTC,Exchange,Sell,0.00004356,452.47702168,0.01970989,0.25%,42919607499,0.01966061,-452.47702168,BTC,0.00004927
2017-12-07 22:54:08,NXT/BTC,Exchange,Buy,0.00004141,1746.30548177,0.07231451,0.15%,42803664558,-0.07231451,1743.68602354,NXT,0.00010847
2017-12-07 22:50:29,SC/BTC,Exchange,Sell,0.00000049,28268.44327353,0.01385153,0.25%,16372110651,0.01381690,-28268.44327353,BTC,0.00003462
2017-12-07 22:50:29,SC/BTC,Exchange,Sell,0.00000049,9446.16326531,0.00462862,0.25%,16372110651,0.00461704,-9446.16326531,BTC,0.00001157
2017-12-07 22:50:29,SC/BTC,Exchange,Sell,0.00000049,408.16326531,0.00020000,0.25%,16372110651,0.00019950,-408.16326531,BTC,0.00000050
2017-12-07 22:50:29,SC/BTC,Exchange,Sell,0.00000049,109827.73073383,0.05381558,0.25%,16372110651,0.05368104,-109827.73073383,BTC,0.00013453
2017-12-05 14:23:01,SC/BTC,Exchange,Buy,0.00000079,148321.30379747,0.11717383,0.25%,16258474401,-0.11717383,147950.50053797,SC,0.00029293
2017-11-27 09:37:35,SC/BTC,Exchange,Buy,0.00000062,11462.66377686,0.00710685,0.15%,15917564652,-0.00710685,11445.46978119,SC,0.00001066
2017-11-27 09:36:57,SC/BTC,Exchange,Buy,0.00000062,1000.00000000,0.00062000,0.15%,15917564652,-0.00062000,998.50000000,SC,0.00000093
2017-11-27 09:36:39,SC/BTC,Exchange,Buy,0.00000062,10000.00000000,0.00620000,0.15%,15917564652,-0.00620000,9985.00000000,SC,0.00000930
2017-11-27 09:36:26,SC/BTC,Exchange,Buy,0.00000062,3853.25795902,0.00238901,0.15%,15917564652,-0.00238901,3847.47807208,SC,0.00000358
2017-11-27 09:35:55,SC/BTC,Exchange,Buy,0.00000062,3028.00000000,0.00187736,0.15%,15917564652,-0.00187736,3023.45800000,SC,0.00000281
2017-11-27 09:35:19,SC/BTC,Exchange,Buy,0.00000062,36333.70246494,0.02252689,0.15%,15917564652,-0.02252689,36279.20191124,SC,0.00003379
2017-11-27 09:33:33,SC/BTC,Exchange,Buy,0.00000062,824.64225079,0.00051127,0.15%,15917564652,-0.00051127,823.40528741,SC,0.00000076
2017-11-27 09:33:19,SC/BTC,Exchange,Buy,0.00000062,1629.04000000,0.00101000,0.25%,15917564652,-0.00101000,1624.96740000,SC,0.00000252
2017-11-27 09:33:19,SC/BTC,Exchange,Buy,0.00000062,831.00000000,0.00051522,0.25%,15917564652,-0.00051522,828.92250000,SC,0.00000128
2017-11-27 09:33:19,SC/BTC,Exchange,Buy,0.00000062,1005.00000000,0.00062310,0.25%,15917564652,-0.00062310,1002.48750000,SC,0.00000155
2017-11-27 09:28:57,ETH/BTC,Exchange,Buy,0.04991576,2.00000000,0.09983152,0.25%,377644255870,-0.09983152,1.99500000,ETH,0.00024957
2017-11-26 17:59:47,ETH/BTC,Exchange,Buy,0.04939994,0.03592887,0.00177488,0.15%,377232560977,-0.00177488,0.03587497,ETH,0.00000266
2017-11-26 17:59:46,ETH/BTC,Exchange,Buy,0.04939994,0.82407319,0.04070916,0.15%,377232560977,-0.04070916,0.82283708,ETH,0.00006106
2017-11-26 17:58:22,XBC/BTC,Exchange,Sell,0.00906517,2.91753858,0.02644798,0.25%,17916905264,0.02638186,-2.91753858,BTC,0.00006611
2017-11-26 17:57:44,DGB/BTC,Exchange,Sell,0.00000112,14334.44444445,0.01605457,0.25%,18991002013,0.01601443,-14334.44444445,BTC,0.00004013
2017-11-26 15:37:00,XBC/BTC,Exchange,Buy,0.00989999,2.92434433,0.02895097,0.25%,17908945232,-0.02895097,2.91703346,XBC,0.00007237
2017-11-26 15:30:35,XBC/BTC,Exchange,Sell,0.00970000,2.99200000,0.02902240,0.25%,17908215962,0.02894984,-2.99200000,BTC,0.00007255
2017-11-26 15:06:04,XBC/BTC,Exchange,Buy,0.00981649,1.09501963,0.01074924,0.15%,17906333846,-0.01074924,1.09337710,XBC,0.00001612
2017-11-26 15:05:21,XBC/BTC,Exchange,Buy,0.00981649,0.01970000,0.00019338,0.15%,17906333846,-0.00019338,0.01967045,XBC,0.00000029
2017-11-26 15:05:20,XBC/BTC,Exchange,Buy,0.00981649,0.99596579,0.00977688,0.25%,17906333846,-0.00977688,0.99347587,XBC,0.00002444
2017-11-26 15:05:20,XBC/BTC,Exchange,Buy,0.00971647,0.86645989,0.00841893,0.25%,17906333846,-0.00841893,0.86429374,XBC,0.00002104
2017-11-26 15:05:20,XBC/BTC,Exchange,Buy,0.00971647,0.02174227,0.00021125,0.25%,17906333846,-0.00021125,0.02168791,XBC,0.00000052
2017-11-26 15:00:27,ETH/BTC,Exchange,Buy,0.05099997,0.73620810,0.03754659,0.15%,377144438188,-0.03754659,0.73510378,ETH,0.00005631
2017-11-26 15:00:25,ETH/BTC,Exchange,Buy,0.05099997,0.00049509,0.00002524,0.15%,377144438188,-0.00002524,0.00049434,ETH,0.00000003
2017-11-26 15:00:07,ETH/BTC,Exchange,Buy,0.05099997,0.00000549,0.00000027,0.15%,377144438188,-0.00000027,0.00000548,ETH,0.00000000
2017-11-26 14:59:45,ETH/BTC,Exchange,Buy,0.05099997,0.11877817,0.00605768,0.15%,377144438188,-0.00605768,0.11860000,ETH,0.00000908
2017-11-26 14:56:10,ETH/BTC,Exchange,Buy,0.05099997,0.01002507,0.00051127,0.15%,377144438188,-0.00051127,0.01001003,ETH,0.00000076
2017-11-26 14:55:46,BTS/BTC,Exchange,Sell,0.00001516,102.06050558,0.00154723,0.15%,44625147197,0.00154490,-102.06050558,BTC,0.00000232
2017-11-26 14:55:40,BTS/BTC,Exchange,Sell,0.00001516,1024.00000000,0.01552384,0.15%,44625147197,0.01550055,-1024.00000000,BTC,0.00002328
2017-11-26 14:55:33,BTS/BTC,Exchange,Sell,0.00001518,37.99407115,0.00057675,0.25%,44625147197,0.00057530,-37.99407115,BTC,0.00000144
2017-11-26 14:55:33,BTS/BTC,Exchange,Sell,0.00001522,657.03022339,0.00999999,0.25%,44625147197,0.00997499,-657.03022339,BTC,0.00002499
2017-11-26 14:55:32,BTS/BTC,Exchange,Sell,0.00001523,10.00000000,0.00015230,0.25%,44625147197,0.00015191,-10.00000000,BTC,0.00000038
2017-11-26 14:55:32,BTS/BTC,Exchange,Sell,0.00001523,111.29842519,0.00169507,0.25%,44625147197,0.00169083,-111.29842519,BTC,0.00000423
2017-11-26 14:55:10,ETH/BTC,Exchange,Buy,0.05099997,0.00012764,0.00000650,0.15%,377144438188,-0.00000650,0.00012744,ETH,0.00000000
2017-11-26 14:55:08,ETH/BTC,Exchange,Buy,0.05099997,0.26464418,0.01349684,0.15%,377144438188,-0.01349684,0.26424721,ETH,0.00002024
2017-11-26 14:55:03,ETH/BTC,Exchange,Buy,0.05099997,0.34887634,0.01779268,0.15%,377144438188,-0.01779268,0.34835302,ETH,0.00002668
2017-11-26 14:54:35,ETH/BTC,Exchange,Buy,0.05099997,0.00000039,0.00000001,0.15%,377144438188,-0.00000001,0.00000038,ETH,0.00000000
2017-11-23 06:38:31,BTS/BTC,Exchange,Buy,0.00001504,933.10948906,0.01403396,0.25%,44362482125,-0.01403396,930.77671533,BTS,0.00003508
2017-11-23 06:36:34,CVC/BTC,Exchange,Sell,0.00003640,250.15787775,0.00910574,0.15%,4970622596,0.00909208,-250.15787775,BTC,0.00001365
2017-11-23 06:36:21,CVC/BTC,Exchange,Sell,0.00003640,96.39423077,0.00350875,0.15%,4970622596,0.00350348,-96.39423077,BTC,0.00000526
2017-11-23 06:35:52,CVC/BTC,Exchange,Sell,0.00003640,3.07857143,0.00011206,0.25%,4970622596,0.00011177,-3.07857143,BTC,0.00000028
2017-11-23 06:35:52,CVC/BTC,Exchange,Sell,0.00003641,37.29717110,0.00135798,0.25%,4970622596,0.00135458,-37.29717110,BTC,0.00000339
2017-11-21 15:44:45,BTS/BTC,Exchange,Buy,0.00001355,1013.12619926,0.01372785,0.15%,44220883865,-0.01372785,1011.60650996,BTS,0.00002059
2017-11-21 15:41:44,GAS/BTC,Exchange,Sell,0.00271448,5.06948075,0.01376100,0.25%,6376349466,0.01372659,-5.06948075,BTC,0.00003440
2017-11-21 08:15:32,DGB/BTC,Exchange,Buy,0.00000108,14370.37037037,0.01551999,0.25%,18739725541,-0.01551999,14334.44444444,DGB,0.00003879
2017-11-21 08:13:31,CVC/BTC,Exchange,Buy,0.00003825,387.89759503,0.01483708,0.25%,4772356061,-0.01483708,386.92785104,CVC,0.00003709
2017-11-21 08:03:19,GAS/BTC,Exchange,Buy,0.00275472,5.08218621,0.01399999,0.25%,6342713136,-0.01399999,5.06948074,GAS,0.00003499
2017-11-21 08:00:08,ETH/BTC,Exchange,Sell,0.04442496,0.76688779,0.03406895,0.15%,373962279532,0.03401784,-0.76688779,BTC,0.00005110
2017-11-21 08:00:00,ETH/BTC,Exchange,Sell,0.04442496,0.23311221,0.01035600,0.15%,373962279532,0.01034046,-0.23311221,BTC,0.00001553